Ботинки СВАРЩИК ут М.1397 ЗП;45;40
Ботинки СВАРЩИК ут М.1396 ЗП;45;30
Ботинки СВАРЩИК ут М.1395 ЗП;45;0
Ботинки СВАРЩИК ут М.1394 ЗП;45;70
Ботинки СВАРЩИК ут М.1393 ЗП;45;80
Ботинки СВАРЩИК ут М.1392 ЗП;45;90
Ботинки СВАРЩИК ут М.1391 ЗП;45;10
Ботинки СВАРЩИК ут М.1390 ЗП;45;20
Ботинки СВАРЩИК ут М.1389 ЗП;45;11
Ботинки СВАРЩИК ут М.1388 ЗП;45;12
Ботинки СВАРЩИК ут М.1387 ЗП;45;0
Ботинки СВАРЩИК ут М.1386 ЗП;45;12
Ботинки СВАРЩИК ут М.1385 ЗП;45;14
Ботинки СВАРЩИК ут М.1384 ЗП;45;14
Ботинки СВАРЩИК ут М.1383 ЗП;45;0
Ботинки СВАРЩИК ут М.1382 ЗП;45;16
Ботинки СВАРЩИК ут М.1381 ЗП;45;22
Ботинки СВАРЩИК ут М.1380 ЗП;45;54
Ботинки СВАРЩИК ут М.1379 ЗП;45;34
Ботинки СВАРЩИК ут М.1378 ЗП;45;54
Ботинки СВАРЩИК ут М.1377 ЗП;45;32
Ботинки СВАРЩИК ут М.1376 ЗП;45;11
Ботинки СВАРЩИК ут М.1375 ЗП;45;2
Ботинки СВАРЩИК ут М.1374 ЗП;45;1